類別,名稱,地址,經度座標,緯度座標,裝置容量-瓩,行政區
國有房地,國立臺北科技大學,臺北市大安區民輝里16鄰忠孝東路三段1號,121.5356504,25.0424604,3.6,大安區
國有房地,國立臺北科技大學,臺北市大安區民輝里16鄰忠孝東路三段1號,121.5356504,25.0424604,5.44,大安區
國有房地,國立臺灣師範大學,臺北市大安區錦安里11鄰和平東路一段129號,121.52847,25.02717,7.2,大安區
國有房地,台灣中油股份有限公司,臺北市信義區興雅里24鄰松仁路3號,121.569184,25.039485,8.55,信義區
國有房地,行政院環境保護署毒物及化學物質局,臺北市大安區龍雲里3鄰大安路二段132巷35弄1號,121.5440771,25.0300965,10.03,大安區
國有房地,立法院,臺北市中正區幸福里1鄰中山南路1號,121.5247613,25.0443212,10.032,中正區
國有房地,總統府,臺北市中正區建國里4鄰重慶南路一段122號,121.5122878,25.0403593,10.5,中正區
國有房地,台灣中油股份有限公司,臺北市文山區木柵里26鄰木柵路三段2號,121.5701342,24.9895613,13.2,文山區
國有房地,台灣中油股份有限公司,臺北市松山區中正里16鄰復興北路31號,121.544416,25.049515,13.8,松山區
國有房地,經濟部標準檢驗局,臺北市中正區東門里3鄰濟南路一段4號,121.5204631,25.0425503,14.4,中正區
國有房地,國防醫學院三軍總醫院,臺北市內湖區寶湖里1鄰成功路二段325號,121.5924282,25.0716466,14.88,內湖區
國有房地,行政院農業委員會,臺北市中正區龍興里16鄰和平西路二段100號,121.5094053,25.0301475,15.525,中正區
國有房地,台灣中油股份有限公司,臺北市中山區中原里12鄰新生北路二段71號,121.52805,25.0565519,16.8,中山區
國有房地,台灣中油股份有限公司,臺北市中正區林興里15鄰汀州路三段1號,121.5253585,25.0202507,18.0,中正區
國有房地,經濟部,臺北市中正區南福里15鄰福州街15號,121.5168679,25.0279546,20.0,中正區
國有房地,行政院環境保護署,臺北市中正區建國里2鄰中華路一段83號,121.5076439,25.0385149,21.75,中正區
國有房地,台灣中油股份有限公司,臺北市內湖區港墘里20鄰內湖路一段362號,121.5710437,25.0811697,25.2,內湖區
國有房地,台灣中油股份有限公司,臺北市中山區成功里3鄰明水路661號,121.5506495,25.0842474,27.36,中山區
國有房地,經濟部,臺北市南港區三重里14鄰經貿二路2號,121.6162474,25.0560263,31.32,南港區
國有房地,台灣中油股份有限公司,臺北市大安區通化里1鄰信義路四段374號,121.5554605,25.0329307,34.2,大安區
國有房地,國立臺灣科技大學,臺北市大安區學府里5鄰基隆路四段43號,121.5401282,25.0130898,36.0,大安區
國有房地,衛福部,臺北市南港區新光里12鄰忠孝東路六段488號,121.5953715,25.0502997,38.42,南港區
國有房地,國立臺灣科技大學,臺北市大安區學府里5鄰基隆路四段43號,121.5401282,25.0130898,48.0,大安區
國有房地,台灣中油股份有限公司,臺北市內湖區湖元里18鄰民權東路六段50號,121.5875793,25.0665616,50.73,內湖區
國有房地,憲兵202指揮部,臺北市中正區建國里6鄰中華路一段65號,121.5086073,25.0405821,52.72,中正區
國有房地,國立政治大學,臺北市文山區萬興里9鄰指南路二段64號,121.5771149,24.9861694,52.8,文山區
國有房地,中研院物理所,臺北市南港區中研里33鄰研究院路二段128號,121.6160711,25.0423834,55.0,南港區
國有房地,行政院農業委員會,臺北市中正區南門里10鄰南海路37號,121.5132,25.032068,55.2,中正區
國有房地,行政院,臺北市中正區梅花里2鄰忠孝東路一段1號,121.5247613,25.0443212,58.88,中正區
國有房地,審計部,臺北市中正區梅花里12鄰杭州北路1號,121.5273338,25.0448902,61.07,中正區
國有房地,國立故宮博物院,臺北市士林區臨溪里8鄰至善路二段221號,121.5498091,25.1004265,62.1,士林區
國有房地,國立臺北科技大學,臺北市大安區民輝里16鄰忠孝東路三段1號,121.5356504,25.0424604,70.38,大安區
國有房地,國家發展委員會,臺北市中正區黎明里9鄰寶慶路3號,121.513385,25.041179,70.8,中正區
國有房地,國立臺灣大學,臺北市大安區學府里17鄰羅斯福路四段1號,121.5354217,25.0140674,72.0,大安區
國有房地,中央研究院,臺北市南港區中研里33鄰研究院路二段130號,121.6145028,25.0453694,74.54,南港區
國有房地,審計部,臺北市中正區梅花里12鄰杭州北路1號,121.5273338,25.0448902,85.87,中正區
國有房地,立法院,臺北市中正區幸福里1鄰鎮江街2號,121.5212287,25.0444876,99.0,中正區
國有房地,國防部軍備局,臺北市南港區新光里15鄰昆陽街165號,121.5933552,25.0498035,99.6,南港區
國有房地,國防部軍備局,臺北市南港區新光里15鄰昆陽街165號,121.5933552,25.0498035,99.6,南港區
國有房地,國防部軍備局,臺北市南港區新光里15鄰昆陽街165號,121.5933552,25.0498035,99.6,南港區
國有房地,國防部軍備局,臺北市南港區新光里15鄰昆陽街165號,121.5933552,25.0498035,99.6,南港區
國有房地,國家文官學院,臺北市南港區中南里10鄰忠孝東路七段574號,121.6139468,25.0526494,169.2,南港區
國有房地,國立臺灣大學,臺北市大安區學府里6鄰基隆路三段155巷50號,121.5442732,25.0133415,180.0,大安區
國有房地,國立臺北教育大學,臺北市大安區臥龍里1鄰和平東路二段134號,121.5462911,25.0245572,230.58,大安區
國有房地,國立臺北護理健康大學,臺北市北投區振華里11鄰明德路365號,121.5210206,25.1185042,339.84,北投區
國有房地,中央研究院,臺北市南港區研究院路2段128號,121.6121003,25.0426284,186.6,南港區
國有房地,中華電信股份有限公司,臺北市中正區信義路一段21之3號,121.5235042,25.0362036,4.32,中正區
國有房地,中華電信股份有限公司,臺北市中正區信義路一段21之3號,121.5235042,25.0362036,10.0,中正區
國有房地,中華電信股份有限公司,臺北市中正區信義路一段21之3號,121.5235042,25.0362036,15.75,中正區
國有房地,台灣中油股份有限公司,臺北市文山區興隆路1段13號,121.5394661,25.0044969,10.5,文山區
國有房地,國立陽明交通大學,臺北市北投區立農街2段155號,121.5143859,25.1195749,42.24,北投區
國有房地,國立陽明交通大學,臺北市北投區立農街2段155號,121.5143859,25.1195749,69.12,北投區
國有房地,國立陽明交通大學,臺北市北投區立農街2段155號,121.5143859,25.1195749,96.0,北投區
國有房地,國立陽明交通大學,臺北市北投區立農街2段155號,121.5143859,25.1195749,106.88,北投區
國有房地,國立陽明交通大學,臺北市北投區立農街2段155號,121.5143859,25.1195749,115.2,北投區
國有房地,國立臺北大學,臺北市中山區民生東路3段67號,121.5423856,25.0580395,184.32,中山區
國有房地,國立臺灣大學,臺北市中正區常德街1號,121.517217,25.0419853,336.0,中正區
國有房地,國立臺灣科技大學,臺北市大安區辛亥段五小段0219-0000地號,121.5569625,25.0053806,18.9,大安區
國有房地,國立臺灣科技大學,臺北市大安區基隆路4段43號,121.5405609,25.0132583,215.635,大安區
國有房地,國立臺灣科技大學,臺北市大安區基隆路4段43號,121.5405609,25.0132583,256.81,大安區
國有房地,國立臺灣師範大學,臺北市大安區和平東路1段129之1號,121.5293396,25.0273368,108.225,大安區
國有房地,國立臺灣師範大學,臺北市大安區和平東路1段127號,121.5275484,25.0261656,216.45,大安區
國有房地,國立臺灣師範大學附屬高級中學,臺北市大安區信義路三段143號,121.540488,25.0336585,472.96,大安區
國有房地,國立臺灣戲曲學院,臺北市文山區木柵路3段66巷8之1號,121.566702,24.9866233,228.0,文山區
國有房地,國家圖書館,臺北市中正區中山南路20號,121.5166448,25.0373347,168.0,中正區
國有房地,經濟部中小企業處南港生技育成中心,臺北市南港區園區街3之1號（經濟部中小企業處南港生技育成中心）,121.6118825,25.0584861,90.72,南港區
國有房地,經濟部中小企業處南港生技育成中心,臺北市南港區園區街3之2號,121.6118825,25.0584861,124.74,南港區
國有房地,臺灣電力股份有限公司,臺北市中正區羅斯福路3段242號,121.5310058,25.0175108,20.16,中正區
國有房地,國防醫學院三軍總醫院,臺北市內湖區成功路2段325號(國防醫學院三軍總醫院內湖院區),121.5924389,25.0718701,1622.88,內湖區
國有房地,國立臺灣科技大學,臺北市大安區基隆路4段43號,121.5405,25.0133,19.47,大安區
國有房地,中央研究院,臺北市南港區研究院路二段128號,121.6118,25.0411,8.04,南港區
國有房地,國立臺北藝術大學,臺北市北投區學園路1號,121.4667,25.1321,58.5,北投區
國有房地,國立臺北藝術大學,臺北市北投區學園路1號,121.4667,25.1321,62.4,北投區
國有房地,國立臺北藝術大學,臺北市北投區學園路1號,121.4667,25.1321,68.25,北投區
國有房地,國立臺北護理健康大學,臺北市北投區明德路365號,121.5211,25.1185,158.4,北投區
國有房地,國立臺北護理健康大學,臺北市北投區明德路365號,121.5211,25.1185,15.84,北投區
國有房地,國立臺北護理健康大學,臺北市北投區明德路365號,121.5211,25.1185,25.08,北投區
國有房地,國立臺灣大學,臺北市大安區羅斯福路四段1號,121.5351,25.0168,9.92,大安區
機關,臺北捷運北投機廠,臺北市北投區桃源里9鄰大業路527巷88號,121.4838069,25.1345465,3797.28,北投區
機關,長興淨水廠,臺北市大安區學府里9鄰長興街131號,121.5476408,25.0145256,2136.96,大安區
機關,福德坑環保復育公園,臺北市文山區博嘉里1鄰木柵路五段151號,121.5938041,24.9989605,1996.8,文山區
機關,山水綠生態公園,臺北市南港區南深路37號,121.6223376,25.0290772,980.88,南港區
機關,臺北市中山區民族東路336號(濱江果菜市場(第二果菜批發市場)),臺北市中山區民族東路336號,121.5371776,25.0674465,498.96,中山區
機關,洛陽立體停車場,臺北市萬華區福星里18鄰環河南路一段1號,121.5058655,25.0483354,497.76,萬華區
機關,資源回收隊內湖回收場區,臺北市內湖區湖元里18鄰行忠路178巷1號,121.5841861,25.0664027,497.76,內湖區
機關,內湖汙水處理廠,臺北市內湖區湖元里18鄰舊宗路二段2號,121.574362,25.066389,395.28,內湖區
機關,臺北市中山區民族東路336號(濱江果菜市場(第二果菜批發市場)),臺北市中山區民族東路336號,121.5371776,25.0674465,359.1,中山區
機關,臺北市松德辦公大樓,臺北市信義區三犁里23鄰松德路300號,121.5742751,25.0321882,307.44,信義區
機關,興中立體停車場,臺北市南港區南港里14鄰興中路44巷1號,121.6064258,25.0560795,256.2,南港區
機關,臺北花卉批發市場,臺北市內湖區湖元里18鄰新湖三路28號,121.574101,25.063163,226.92,內湖區
機關,峨嵋立體停車場,臺北市萬華區萬壽里5鄰峨眉街83號,121.505572,25.0441372,204.96,萬華區
機關,臺北市立陽明教養院,臺北市士林區陽明里8鄰凱旋路61巷4弄9號,121.5413437,25.1348725,141.6,士林區
機關,臺北市大同區行政中心(蘭州市場),臺北市大同區揚雅里10鄰昌吉街55號,121.515268,25.0661934,139.08,大同區
機關,民生立體停車場,臺北市松山區介壽里16鄰民生東路五段84號,121.5625699,25.059157,117.12,松山區
機關,新生公園夢想館,臺北市中山區新生北路三段105號,121.5287878,25.0703337,112.44,中山區
機關,榮星花園溫水游泳池,臺北市中山區行仁里1鄰建國北路三段39號,121.5377267,25.0637419,98.82,中山區
機關,臺北市文山運動中心,臺北市文山區興得里25鄰興隆路三段222號,121.559673,24.9970166,98.82,文山區
機關,臺北市市場處頂好惠康超市(後港店),臺北市士林區福中里19鄰華齡街175號,121.5194342,25.0875707,97.6,士林區
機關,臺北市立天文科學教育館,臺北市士林區福佳里20鄰基河路363號,121.5183333,25.0958333,97.6,士林區
機關,臺北市立圖書館道藩分館屋頂,臺北市大安區臥龍里5鄰辛亥路三段11號,121.544049,25.0215769,97.6,大安區
機關,新生公園未來館,臺北市中山區新生北路三段105號,121.5287878,25.0703337,95.76,中山區
機關,公館淨水場,臺北市中正區思源街1號,121.5300049,25.0125415,92.4,中正區
機關,景美污水抽水站,臺北市文山區萬年里2鄰汀州路四段10號,121.5367036,25.0105628,85.4,文山區
機關,臺北市政府消防局,臺北市信義區興雅里24鄰松仁路1號,121.5673818,25.0423074,85.4,信義區
機關,臺北市政府警察局信義分局,臺北市信義區西村里8鄰信義路五段17號,121.5676823,25.0330992,85.4,信義區
機關,臺北市立動物園,臺北市文山區新光路二段30號,121.5810084,24.9983305,85.2,文山區
機關,臺北市文山區興隆路1段15號,臺北市文山區萬盛里10鄰興隆路一段15號,121.5391653,25.0046709,74.4,文山區
機關,士東市場,臺北市士林區士東路100號,121.5292934,25.1120683,60.2,士林區
機關,臺北市政府警察局保安警察大隊,臺北市松山區延壽街339號,121.5596171,25.056803,56.7,松山區
機關,內雙溪自然中心,臺北市士林區溪山里5鄰至善路三段150巷27號,121.5771627,25.1160194,47.58,士林區
機關,臺北市立書館太陽分館,臺北市萬華區青年路65號,121.5037379,25.0249363,47.32,萬華區
機關,臺北市政府公務人員訓練處,臺北市文山區萬美街二段21巷20號,121.56104,25.0045769,45.9,文山區
機關,大龍峒公營出租住宅,臺北市大同區承德路三段212號,121.51806,25.071285,45.36,大同區
機關,臺北市政府警察局大同分局,臺北市大同區雙連里23鄰錦西街200號,121.5167044,25.0601155,45.36,大同區
機關,臺北市職能發展學院,臺北市士林區士東路301號,121.5378987,25.1140103,45.0,士林區
機關,臺北市古亭地政事務所,臺北市文山區萬和里14鄰萬隆街47之12號,121.5361667,25.0006634,44.8,文山區
機關,臺北市政府警察局南港分局,臺北市南港區重陽里10鄰向陽路150號,121.5947237,25.0552696,40.26,南港區
機關,興隆市場,臺北市文山區興隆路二段97號,121.5474476,24.9997246,39.06,文山區
機關,北投機廠工務處,臺北市北投區大業路527巷88號,121.483955,25.1357899,37.26,北投區
機關,信義清潔隊,臺北市信義區松隆里8鄰松山路658號,121.57859,25.031523,36.6,信義區
機關,臺北市大同區公所行政中心,臺北市大同區昌吉街57號,121.5151063,25.066061,35.64,大同區
機關,臺北市士林區公所行政中心,臺北市士林區中正路439號,121.5195703,25.0927483,30.72,士林區
機關,臺北市北投區公所行政中心,臺北市北投區新市街30號,121.5029288,25.1323774,30.36,北投區
機關,抽水站總管理中心,臺北市中山區新庄里20鄰濱江街3號,121.5291419,25.0711859,26.88,中山區
機關,臺北市政府捷運工程局南區工程處,臺北市大安區信義路三段100號,121.5362106,25.0333339,20.92,大安區
機關,臺北市文山區公所,臺北市文山區木柵路三段220號,121.5700826,24.98964,20.4,文山區
機關,臺北市立書館北投分館,臺北市北投區光明路251號,121.506296,25.136298,16.32,北投區
機關,洲美抽水站(臺北市北投區新洲美段0030-000地號),臺北市北投區洲美街2號,121.51086,25.099769,14.64,北投區
機關,臺北市大安區公所行政中心,臺北市大安區新生南路2段86號,121.5345108,25.0264198,12.3,大安區
機關,臺北市政府警察局交通大隊,臺北市中正區愛國西路26號,121.5112216,25.0349287,11.04,中正區
機關,內湖再生傢俱展示場,臺北市內湖區行忠路178巷1號,121.5841861,25.0664027,10.84,內湖區
機關,貓纜遊客中心,臺北市文山區指南路三段38巷35號,121.5882972,24.9689141,10.0,文山區
機關,民族公園,臺北市中山區新生北路三段158號,121.5273779,25.0713839,9.24,中山區
機關,臺北市立書館石牌分館,臺北市北投區明德路208巷5號,121.5226242,25.1131424,8.64,北投區
機關,舊就業服務處,臺北市大同區承德路3段287之1號,121.520209,25.074204,8.64,大同區
機關,內雙溪自然中心,臺北市士林區至善路三段150巷27號,121.5778242,25.1145025,7.8,士林區
機關,至善老人安養護中心,臺北市士林區仰德大道二段2巷50號,121.5432482,25.1019103,6.3,士林區
機關,臺北市政府消防局-文山中隊,臺北市文山區樟新街2號,121.5549335,24.9798856,6.195,文山區
機關,大安區大安森林公園,臺北市大安區新生南路二段1號,121.535552,25.0310609,5.712,大安區
機關,萬華運動中心,臺北市萬華區西寧南路6-1號,121.5067531,25.0474081,5.2,萬華區
機關,臺北市市政府,臺北市信義區市府路1號,121.5639969,25.037531,5.0,信義區
機關,康樂里里民活動中心,臺北市中山區南京東路一段35號,121.5267934,25.0528945,3.82,中山區
機關,公共住宅-興隆一區(12號、16號、18號、20號、22號、26號、28號、30號),臺北市文山區木柵路2段2巷12號,121.557859,24.988296,3.12,文山區
機關,公共住宅-興隆一區(32號、36號、38號、40號、42號、46號、48號、50號),臺北市文山區木柵路2段2巷32號,121.5580362,24.9880713,3.12,文山區
機關,二二八和平紀念公園,臺北市中正區凱達格蘭大道3號,121.5154926,25.0403577,2.16,中正區
機關,臺北市政府都市發展局,臺北市南港區南港路2段60巷19號(東明公宅),121.6042106,25.05483107,10.2,南港區
機關,臺北市政府都市發展局,臺北市南港區南港路2段60巷17、19號(東明公宅),121.6042106,25.05483107,70.2,南港區
機關,臺北市政府工務局水利工程處,臺北市北投區洲美街2號,121.51086,25.09997301,4.88,北投區
機關,臺北市停車管理工程處,臺北市信義區信安街49號的景勤2號(公園停車場),121.5582152,25.02681734,19.2,信義區
機關,臺北市立天文科學教育館,臺北市士林區基河路363號,121.519038,25.09604172,9.76,士林區
學校,臺北市溪山國民小學,111臺北市士林區至善路三段199號,121.5800082,25.1197454,2.1,士林區
學校,臺北市麗山高級中學,114臺北市內湖區環山路二段100號,121.5778933,25.0841176,3.14,內湖區
學校,臺北市興雅國民小學,110臺北市信義區基隆路一段83巷9號,121.5700216,25.046751,3.15,信義區
學校,臺北市百齡國民小學,111臺北市士林區福港街205號,121.5179,25.08615,3.22,士林區
學校,臺北市至善國民中學,111臺北市士林區至善路二段360號,121.5556,25.10364,3.4,士林區
學校,臺北市大安國民小學,106臺北市大安區臥龍街129號,121.5504,25.01893,3.67,大安區
學校,臺北市文昌國民小學,111臺北市士林區文林路615巷20號,121.522,25.09935,3.67,士林區
學校,臺北市葫蘆國民小學,111臺北市士林區環河北路三段95號,121.5069631,25.0837421,3.67,士林區
學校,臺北市湖山國民小學,112臺北市北投區湖底路11號,121.535435,25.1496532,3.67,北投區
學校,臺北市至善國民中學,111臺北市士林區至善路二段360號,121.5556,25.10364,3.74,士林區
學校,臺北市濱江國民小學,104臺北市中山區樂群二路266巷99號,121.5616369,25.0780014,3.78,中山區
學校,臺北市中崙高級中學,105臺北市松山區八德路四段101號,121.5612,25.04872,3.78,松山區
學校,臺北市南港高級工業職業學校,115臺北市南港區興中路29號,121.6073,25.05634,3.78,南港區
學校,臺北市古亭國民中學,100臺北市中正區中華路二段465號,121.511,25.02461,3.96,中正區
學校,臺北市長安國民小學,104臺北市中山區吉林路15號,121.5302,25.0498,3.96,中山區
學校,臺北市胡適國民小學,115臺北市南港區舊莊街一段1號,121.6172346,25.0423894,4.0,南港區
學校,臺北市福德國民小學,110臺北市信義區福德街253號,121.5865301,25.0388201,4.05,信義區
學校,臺北市福星國民小學,108臺北市萬華區中華路一段66號,121.5088406,25.0468125,6.48,萬華區
學校,臺北市內湖國民中學,114臺北市內湖區陽光街1號,121.5887,25.07704,8.28,內湖區
學校,臺北市信義國民小學,110臺北市信義區松勤街60號,121.563181,25.031566,9.8,信義區
學校,臺北市文昌國民小學,111臺北市士林區文林路615巷20號,121.522,25.09935,10.08,士林區
學校,臺北市南湖國民小學,114臺北市內湖區康寧路三段200號,121.6118,25.06819,10.56,內湖區
學校,臺北市南港國民小學,115臺北市南港區惠民街67號,121.6101226,25.0574484,10.56,南港區
學校,臺北市士林國民中學,111臺北市士林區中正路345號,121.522645,25.0943734,19.89,士林區
學校,臺北市萬華國民中學,108臺北市萬華區西藏路201號,121.4987891,25.0291092,20.0,萬華區
學校,臺北市東湖國民小學,114臺北市內湖區東湖路115號,121.6155,25.06884,20.0,內湖區
學校,臺北市興雅國民中學,110臺北市信義區松德路168巷15號,121.572237,25.0364201,20.39,信義區
學校,臺北市建國高級中學,100臺北市中正區南海路56號,121.5122,25.03092,20.7,中正區
學校,臺北市南港高級工業職業學校,115臺北市南港區興中路29號,121.6073,25.05634,23.5,南港區
學校,臺北市立農國民小學,112臺北市北投區立農街一段250號,121.505032,25.119493,24.96,北投區
學校,臺北市大同國民小學,103臺北市大同區大龍街51號,121.5161397,25.0648723,25.92,大同區
學校,臺北市芝山國民小學,111臺北市士林區德行東路285號,121.5364,25.11029,27.6,士林區
學校,臺北市成功高級中學,100臺北市中正區濟南路一段71號,121.5236872,25.0423335,28.8,中正區
學校,臺北市石牌國民小學,112臺北市北投區致遠二路80號,121.5117379,25.1157413,28.8,北投區
學校,臺北市萬芳高級中學,116臺北市文山區興隆路三段115巷1號,121.5589135,25.0006248,30.0,文山區
學校,臺北市萬福國民小學,116臺北市文山區羅斯福路五段170巷32號,121.5366774,25.0048433,31.05,文山區
學校,臺北市忠孝國民中學,103臺北市大同區西寧北路32號,121.5082,25.05122,32.64,大同區
學校,臺北市明湖國民中學,114臺北市內湖區康寧路3段60號,121.6106,25.07062,35.4,內湖區
學校,臺北市麗湖國民小學,114臺北市內湖區金湖路363巷8號,121.601146,25.072992,37.52,內湖區
學校,臺北市螢橋國民小學,100臺北市中正區詔安街29號,121.5144,25.02514,42.48,中正區
學校,臺北市大佳國民小學,104臺北市中山區濱江街107號,121.5364,25.07335,43.4,中山區
學校,臺北市南海實驗幼兒園,108臺北市萬華區西藏路424號,121.4976,25.02967,44.64,萬華區
學校,臺北市健康國民小學,105臺北市松山區延壽街166、168號,121.5628,25.05659,45.36,松山區
學校,臺北市龍安國民小學,106臺北市大安區新生南路三段33號,121.5348854,25.0239215,48.0,大安區
學校,臺北市龍山國民中學,108臺北市萬華區南寧路46號,121.504618,25.0360766,50.0,萬華區
學校,臺北市大湖國民小學,114臺北市內湖區大湖山莊街170號,121.6011,25.08777,50.6,內湖區
學校,臺北市興雅國民小學,110臺北市信義區基隆路一段83巷9號,121.5700216,25.046751,51.6,信義區
學校,臺北市福星國民小學,108臺北市萬華區中華路一段66號,121.5088406,25.0468125,52.17,萬華區
學校,臺北市雙園國民小學,108臺北市萬華區莒光路315號,121.4986,25.03082,56.64,萬華區
學校,臺北市景興國民小學,116臺北市文山區景華街150巷21號,121.5485,24.99622,56.64,文山區
學校,臺北市文山特殊教育學校,116臺北市文山區秀明路1段169號,121.5634,24.98928,58.56,文山區
學校,臺北市新生國民小學,106臺北市大安區新生南路2段36號,121.5333,25.02967,70.76,大安區
學校,臺北市金華國民中學,106臺北市大安區新生南路二段32號,121.533178,25.0312012,70.8,大安區
學校,臺北市雙園國民中學,108臺北市萬華區興義街2號,121.4926,25.02757,70.8,萬華區
學校,臺北市三興國民小學,110臺北市信義區基隆路2段99號,121.5583,25.02947,70.8,信義區
學校,臺北市士林國民小學,111臺北市士林區大東路165號,121.5249,25.0933,70.8,士林區
學校,臺北市西湖國民小學,114臺北市內湖區環山路1段25號,121.5657,25.08383,70.8,內湖區
學校,臺北市胡適國民小學,115臺北市南港區舊莊街1段1號,121.6172,25.04239,73.2,南港區
學校,臺北市大湖國民小學,114臺北市內湖區大湖山莊街170號,121.6011,25.08777,74.4,內湖區
學校,臺北市華江國民小學,108臺北市萬華區環河南路2段250巷42弄2號,121.4908,25.03377,81.42,萬華區
學校,臺北市老松國民小學,108臺北市萬華區桂林路64號,121.5027,25.03805,84.96,萬華區
學校,臺北市南湖國民小學,114臺北市內湖區康寧路3段200號,121.6118,25.06819,84.96,內湖區
學校,臺北市富安國民小學,111臺北市士林區延平北路8段135號,121.4824,25.10587,94.4,士林區
學校,臺北市松山高級商業家事職業學校,110臺北市信義區松山路655號,121.5805,25.03502,95.16,信義區
學校,臺北市民權國民小學,105臺北市松山區民權東路4段200號,121.5623,25.06239,95.58,松山區
學校,臺北市興華國民小學,116臺北市文山區興隆路3段125巷6號,121.5587,24.99883,97.6,文山區
學校,臺北市建安國民小學,106臺北市大安區大安路2段99號,121.5462,25.02936,99.12,大安區
學校,臺北市士林高級職業學校,111臺北市士林區士商路150號,121.5166,25.0946,99.71,士林區
學校,臺北市興隆國民小學,116臺北市文山區福興路2號,121.5519,25.00248,99.71,文山區
學校,臺北市南港國民小學,115臺北市南港區惠民街67號,121.6101,25.05745,107.88,南港區
學校,臺北市育成高級中學,115臺北市南港區重陽路366號,121.6093,25.0586,111.6,南港區
學校,臺北市雙蓮國民小學,103臺北市大同區錦西街51號,121.5163,25.06027,113.28,大同區
學校,臺北市公館國民小學,106臺北市大安區基隆路4段41巷68弄2號,121.5428,25.0124,113.28,大安區
學校,臺北市新民國民中學,112臺北市北投區新民路10號,121.5076,25.1381,124.44,北投區
學校,臺北市南門國民中學,100臺北市中正區廣州街6號,121.5091,25.03527,127.44,中正區
學校,臺北市中崙高級中學,105臺北市松山區八德路4段101號,121.5612,25.04872,130.2,松山區
學校,臺北市松山高級工農職業學校,110臺北市信義區忠孝東路5段236巷15號,121.5721,25.03963,133.92,信義區
學校,臺北市文林國民小學,112臺北市北投區文林北路155號,121.5148,25.10591,133.92,北投區
學校,臺北市新興國民中學,104臺北市中山區林森北路511號,121.5258,25.06198,141.6,中山區
學校,臺北市萬興國民小學,116臺北市文山區秀明路2段114號,121.5766,24.99043,146.4,文山區
學校,臺北市興雅國民中學,110臺北市信義區松德路168巷15號,121.5722,25.03642,148.8,信義區
學校,臺北市大學附設實驗國民小學,100臺北市中正區公園路29號,121.5152,25.03607,155.76,中正區
學校,臺北市中山女子高級中學,104臺北市中山區長安東路2段141號,121.5372,25.04851,155.76,中山區
學校,臺北市立芳和實驗國民中學,106臺北市大安區臥龍街170號,121.5503,25.01875,169.92,大安區
學校,臺北市信義國民小學,110臺北市信義區松勤街60號,121.5632,25.03157,169.92,信義區
學校,臺北市福安國民中學,111臺北市士林區延平北路7段250號,121.4881,25.10285,169.92,士林區
學校,臺北市南湖高級中學,114臺北市內湖區康寧路3段220號,121.6105,25.06646,169.92,內湖區
學校,臺北市實踐國民中學,116臺北市文山區辛亥路7段67號,121.5548,24.98343,169.92,文山區
學校,臺北市西園國民小學,108臺北市萬華區東園街73巷65號,121.4983,25.02711,186.0,萬華區
學校,臺北市新湖國民小學,114臺北市內湖區民權東路6段138號,121.5885,25.06823,198.24,內湖區
學校,臺北市中正國民中學,100臺北市中正區愛國東路158號,121.522,25.03236,202.74,中正區
學校,臺北市桃源國民小學,112臺北市北投區中央北路3段40巷45號,121.4845,25.1397,212.4,北投區
學校,臺北市敦化國民中學,105臺北市松山區南京東路3段300號,121.5467,25.05157,226.56,松山區
學校,臺北市辛亥國民小學,116臺北市文山區辛亥路4段103號,121.5592,25.00643,234.24,文山區
學校,臺北市文湖國民小學,114臺北市內湖區文湖街15號,121.5601,25.08574,240.72,內湖區
學校,臺北市西湖國民中學,114臺北市內湖區環山路1段27號,121.5658,25.08518,240.72,內湖區
學校,臺北市成德國民中學,115臺北市南港區東新街108巷23號,121.5877,25.04502,252.96,南港區
學校,臺北市大安國民小學,106臺北市大安區臥龍街129號,121.5504,25.01893,254.88,大安區
學校,臺北市大理高級中學,108臺北市萬華區長順街2號,121.4912,25.03086,254.88,萬華區
學校,臺北市蘭雅國民小學,111臺北市士林區磺溪街57號,121.5231,25.10842,254.88,士林區
學校,臺北市三民國民中學,114臺北市內湖區民權東路6段45號,121.5864,25.06915,254.88,內湖區
學校,臺北市西松高級中學,105臺北市松山區健康路325巷7號,121.5671,25.05555,261.96,松山區
學校,臺北市啟明學校,111臺北市士林區忠誠路2段207巷1號,121.535,25.1167,290.16,士林區
學校,臺北市松山高級中學,110臺北市信義區基隆路1段156號,121.5654,25.0435,297.36,信義區
學校,臺北市萬華國民中學,108臺北市萬華區西藏路201號,121.4988,25.02911,300.12,萬華區
學校,臺北市天母國民中學,111臺北市士林區天母東路120號,121.5382,25.11807,424.8,士林區
學校,臺北市大同高級中學,104臺北市中山區長春路167號,121.5353,25.05502,446.52,中山區
學校,臺北市內湖高級工業職業學校,114臺北市內湖區內湖路1段520號,121.5753,25.07942,481.44,內湖區
學校,臺北市百齡高級中學,111臺北市士林區承德路4段177號,121.523,25.08706,498.96,士林區
學校,臺北市立關渡國民中學,112臺北市北投區知行路212號,121.4676223,25.1197183,19.845,北投區
學校,臺北市太平國民小學,103台北市大同區延平北路二段239號,121.5114,25.06138,54.6,大同區
學校,臺北市中山國民小學,104臺北市中山區民權東路一段69號,121.5264,25.06305,97.5,中山區
學校,臺北市雨聲國民小學,111台北市士林區至誠路一段62巷70號,121.5353,25.10266,99.775,士林區
學校,臺北市信義區光復國民小學,110臺北市信義區光復南路271號,121.5578014,25.0401432,99.775,信義區
學校,臺北市蘭州國民中學,103台北市大同區大龍街187巷1號,121.5167,25.06932,495.3,大同區
學校,臺北市松山區西松國民小學,臺北市松山區三民路5號,121.5628868,25.05294327,95.225,松山區
學校,臺北市博嘉實驗國民小學,臺北市文山區木柵路4段159巷14之1號,121.5757911,25.00196588,99.45,文山區
學校,臺北市文山區景美國民小學,臺北市文山區景文街108號、142巷2號,121.5407,24.9895,152.1,文山區
學校,臺北市立仁愛國民中學,臺北市大安區仁愛路4段130號,121.5508,25.0374,37.7,大安區
,,,,,,
,,,,,,
